checking_status,duration,credit_history,purpose,credit_amount,saving_status,emplyoment,installment_commintment,sex,other_parties,residence,property_magnitude,age,other_emplyoment_plans,housing,existing_credits,job,num_dependents,own_telephone,foreign_worker,Class
1,6,4,3,11,5,5,4,0,1,4,1,6,3,2,2,3,1,2,1,1
2,48,2,3,59,1,3,2,1,1,2,1,2,3,2,1,3,1,1,1,2
4,12,4,6,20,1,4,2,0,1,3,1,4,3,2,1,2,2,1,1,1
1,42,2,2,78,1,4,2,0,3,4,2,4,3,3,1,3,2,1,1,1
1,24,3,0,48,1,3,3,0,1,4,4,5,3,3,2,3,2,1,1,2
4,36,2,6,90,5,3,2,0,1,4,4,3,3,3,1,2,2,2,1,1
4,24,2,2,28,3,5,3,0,1,4,2,5,3,2,1,3,1,1,1,1
2,36,2,1,69,1,3,2,0,1,2,3,3,3,1,1,4,1,2,1,1
4,12,2,3,30,4,4,2,0,1,4,1,6,3,2,1,2,1,1,1,1
2,30,4,0,52,1,1,4,0,1,2,3,2,3,2,2,4,1,1,1,2
2,12,2,0,12,1,2,3,1,1,1,3,2,3,1,1,3,1,1,1,2
1,48,2,9,43,1,2,3,1,1,4,2,2,3,1,1,3,1,1,1,2
2,12,2,3,15,1,3,1,1,1,1,3,2,3,2,1,3,1,2,1,1
1,24,4,0,11,1,5,4,0,1,4,3,6,3,2,2,2,1,1,1,2
1,15,2,0,14,1,3,2,1,1,4,3,2,3,1,1,3,1,1,1,1
1,24,2,3,12,2,3,4,1,1,2,3,3,3,2,1,2,1,1,1,2
4,24,4,3,24,5,5,4,0,1,4,2,5,3,2,2,3,1,1,1,1
1,30,0,9,80,5,2,2,0,1,3,3,2,1,2,3,3,1,1,1,1
2,24,2,1,125,1,5,4,1,1,2,4,4,3,3,1,4,1,2,1,2
4,24,2,3,34,3,5,3,0,1,2,3,3,3,2,1,3,2,2,1,1
4,9,4,0,21,1,3,4,0,1,4,3,4,3,2,3,3,1,2,1,1
1,6,2,3,26,3,3,2,0,1,3,1,4,3,1,1,3,2,1,1,1
1,10,4,0,22,1,2,1,0,1,3,1,4,3,1,2,2,2,1,2,1
2,12,4,1,18,2,2,3,0,1,4,2,4,3,2,1,3,1,1,1,1
4,10,4,2,20,5,3,2,0,1,1,3,2,3,2,2,3,1,1,2,1
1,6,2,2,13,1,3,1,0,1,2,1,3,1,2,1,2,1,2,1,1
4,6,0,3,4,1,5,4,0,1,4,3,3,3,2,1,2,1,1,1,1
3,12,1,3,4,4,3,3,1,1,3,1,4,3,1,2,3,1,1,1,1
2,7,2,3,24,1,3,3,0,3,2,1,3,3,2,1,3,1,1,1,1
1,60,3,9,68,1,5,3,0,1,4,4,6,3,2,2,3,1,2,1,2
2,18,2,9,19,4,2,3,0,1,3,1,3,1,2,1,3,1,2,1,1
1,24,2,2,40,1,3,2,0,1,2,3,2,2,2,1,3,1,1,1,1
2,18,2,0,58,2,3,2,0,1,2,3,3,3,2,2,3,1,2,1,1
4,12,4,9,12,5,5,4,0,1,4,4,5,3,1,1,2,1,1,1,1
3,12,2,2,14,1,2,4,1,1,1,2,3,1,2,1,4,1,2,1,1
2,45,4,3,47,1,2,4,0,1,2,2,2,3,2,2,2,1,1,1,2
4,48,4,6,61,1,3,1,0,1,3,4,3,1,3,1,3,1,2,1,1
3,18,2,3,21,1,3,4,0,2,2,1,3,2,2,1,3,1,1,1,2
3,10,2,4,12,1,3,2,0,1,2,3,3,3,2,1,3,1,2,1,1
2,9,2,3,4,1,3,4,0,1,3,1,2,3,2,1,3,1,1,1,1
4,30,2,3,23,3,5,4,0,1,2,3,3,1,2,1,4,1,1,1,1
2,12,2,3,11,3,3,3,0,1,1,3,2,3,2,1,3,1,2,1,1
2,18,3,5,62,1,3,2,0,1,4,1,4,3,2,1,2,2,2,1,1
1,30,4,1,61,2,4,1,0,1,4,3,2,3,1,2,3,1,1,1,1
1,48,4,1,61,1,5,4,1,1,4,4,5,2,3,2,2,1,1,1,2
4,11,4,0,13,1,2,4,1,1,4,3,3,3,2,2,4,1,1,1,1
4,36,2,3,22,3,5,4,0,1,4,3,3,3,2,1,3,1,1,1,1
1,6,2,1,13,3,1,1,1,1,2,2,2,3,1,1,1,1,2,1,1
4,11,4,0,72,1,3,1,0,1,4,2,3,3,2,2,2,1,1,1,1
4,12,2,3,20,2,3,4,1,2,2,1,2,3,2,1,3,1,1,1,1
2,24,3,2,23,5,2,4,0,1,2,2,2,1,2,1,2,1,1,1,1
2,27,3,1,59,1,5,1,0,1,2,3,3,3,2,2,4,1,2,1,1
4,12,2,3,12,1,3,3,0,1,2,3,2,3,2,1,3,1,1,1,1
4,18,2,1,33,5,3,2,0,1,1,2,3,3,2,1,3,1,2,1,1
2,36,3,0,22,1,5,4,0,1,4,4,5,1,3,2,3,1,2,1,2
4,6,1,0,7,5,3,1,0,3,2,1,2,2,2,1,2,2,1,1,1
2,12,2,3,64,5,1,2,0,1,1,4,5,3,2,1,4,1,2,1,2
4,36,4,3,95,1,3,2,1,1,2,3,3,2,2,2,3,1,1,1,1
3,18,2,0,19,1,5,3,1,1,2,3,2,3,2,1,4,1,1,1,1
1,36,4,2,62,1,2,4,1,2,4,4,2,3,1,2,2,1,2,1,2
2,9,2,9,13,1,3,2,0,1,1,1,2,1,2,1,3,1,2,1,1
2,15,4,3,15,5,5,4,0,3,4,1,5,3,2,2,3,1,2,1,1
2,36,0,9,19,1,5,4,0,1,4,4,6,3,3,1,4,1,2,1,2
2,48,0,9,144,1,3,2,0,1,2,3,2,3,2,1,3,1,2,1,2
4,24,2,3,31,1,2,4,1,1,4,2,2,3,2,1,3,1,2,1,1
4,27,2,5,51,5,5,4,0,1,4,2,4,3,2,4,3,2,2,1,1
4,12,2,3,21,1,2,2,1,1,2,3,2,1,2,1,3,1,1,1,1
2,12,2,0,10,4,3,4,0,1,1,1,2,3,2,1,3,1,1,1,1
4,36,2,6,18,1,3,4,0,1,4,4,3,2,3,1,3,1,2,1,2
4,36,2,3,23,5,3,4,1,1,4,3,2,3,2,1,3,1,1,1,1
4,36,2,1,81,1,3,1,1,1,2,2,3,1,2,1,3,1,1,1,1
4,7,4,3,7,5,5,4,0,1,2,2,4,3,1,2,2,1,2,1,1
1,8,4,10,11,1,5,3,0,1,4,4,5,1,3,2,4,2,2,1,1
2,42,4,9,59,1,4,2,1,1,1,1,4,1,2,2,2,1,1,1,1
1,36,2,6,19,5,5,4,0,1,4,4,4,3,2,1,4,1,2,1,2
1,12,4,1,15,1,5,4,0,1,4,4,6,3,3,2,4,1,1,1,1
1,42,2,3,39,1,2,4,0,1,3,3,3,3,2,1,3,1,1,1,2
2,11,3,3,47,1,4,2,0,1,4,2,5,3,2,1,3,1,1,1,1
4,54,0,1,94,5,3,2,0,1,2,2,3,3,2,1,2,2,1,1,1
2,30,2,2,38,1,2,2,0,1,1,2,2,3,2,1,3,1,1,1,1
4,24,2,3,59,5,2,1,1,1,1,3,4,3,2,2,3,1,2,1,2
4,15,2,3,12,3,5,4,0,1,3,2,4,2,2,1,3,1,2,1,1
4,18,2,9,15,2,3,3,1,1,4,2,2,3,1,1,2,1,1,1,1
1,24,2,10,17,1,5,4,1,3,4,1,5,3,2,1,2,1,2,1,1
1,10,2,3,23,1,5,3,0,1,4,1,5,3,2,1,2,1,1,1,1
4,12,4,9,14,1,3,4,1,3,2,1,2,3,2,2,4,1,2,1,1
2,18,4,2,12,1,2,4,1,1,1,2,2,3,2,2,3,1,1,1,1
2,36,2,6,126,2,3,1,0,1,4,4,4,3,3,1,3,2,2,1,2
1,18,2,0,22,2,4,4,0,1,3,3,3,3,2,1,4,2,2,1,1
1,12,0,5,11,1,4,4,0,1,3,1,2,3,2,2,3,1,1,1,2
4,12,4,3,6,1,5,4,0,1,4,1,5,3,2,1,3,1,1,1,1
1,12,4,1,14,1,5,4,0,1,3,1,5,3,2,1,3,1,1,1,1
4,12,4,3,7,5,5,4,1,1,3,2,3,1,2,1,2,2,1,1,2
3,24,4,2,36,5,5,4,0,2,4,4,2,3,1,2,3,1,1,1,1
2,12,2,0,13,4,5,4,0,1,4,1,5,3,2,1,3,1,2,1,1
2,54,0,9,159,1,2,3,0,1,4,4,5,3,1,1,3,1,2,1,2
4,12,4,6,20,5,4,4,1,1,2,3,6,3,2,1,3,1,1,1,1
2,18,2,9,26,2,3,4,0,1,4,3,3,3,2,1,3,1,1,1,1
2,36,4,3,23,1,5,4,0,1,4,1,3,3,2,1,3,1,1,1,1
2,20,3,1,70,5,4,3,0,1,4,2,3,1,1,2,4,2,2,1,1
4,24,2,0,14,2,5,4,0,1,4,1,4,3,1,1,2,1,1,1,1
2,36,2,3,23,1,4,4,0,1,4,3,2,3,1,1,3,1,1,1,1
4,6,3,3,9,1,3,3,1,1,2,1,2,3,2,1,3,1,1,1,1
2,9,4,2,19,1,4,4,0,1,3,3,3,3,1,1,3,1,2,1,1
4,12,2,1,24,5,2,2,0,1,4,3,2,3,1,1,3,1,2,1,1
2,24,4,10,119,1,3,2,0,2,3,3,3,3,2,2,4,2,2,1,2
4,18,1,0,64,1,5,2,0,1,4,4,3,1,2,2,4,2,2,1,2
2,12,2,0,60,1,4,2,0,1,2,3,3,3,2,1,3,1,1,1,1
1,24,2,2,77,5,2,1,1,1,2,2,3,3,2,1,3,1,2,2,1
2,14,2,9,14,3,5,1,0,1,2,1,3,3,2,1,3,1,2,1,1
2,6,3,9,14,2,5,1,0,1,2,3,3,1,2,2,3,2,1,1,1
3,15,2,6,3,1,2,4,1,1,4,2,2,3,1,1,3,1,2,1,1
2,18,2,0,62,1,4,3,0,1,3,1,2,3,1,1,2,1,1,1,1
4,36,4,0,78,1,3,4,1,1,2,1,2,2,2,2,3,1,2,1,2
1,12,2,3,16,3,5,3,0,1,1,1,3,3,2,1,3,1,1,1,1
4,48,4,3,35,5,5,4,0,1,1,1,4,3,2,1,3,1,2,1,1
1,42,2,3,71,5,4,4,1,1,3,3,3,3,2,1,4,1,2,1,2
1,10,4,2,21,5,2,2,1,2,3,1,2,3,1,2,3,1,1,2,1
1,33,4,2,42,3,3,1,1,1,4,3,2,3,2,2,3,1,1,1,2
2,12,4,0,23,3,4,3,0,1,3,3,3,3,2,1,4,1,2,1,1
1,21,2,3,18,1,3,3,1,1,2,1,2,3,2,2,3,1,2,1,2
4,24,4,1,38,1,5,4,1,1,2,3,4,3,1,2,4,1,2,1,1
4,12,2,2,17,1,3,3,0,1,2,1,2,3,1,1,2,1,1,1,1
3,10,4,0,7,1,5,4,0,1,4,4,6,3,3,2,3,1,2,1,1
2,18,2,2,19,5,2,4,1,1,3,1,2,3,1,1,3,1,1,1,2
1,12,4,0,21,1,3,4,0,1,2,2,3,3,2,2,3,1,1,1,1
1,12,2,3,7,1,3,4,0,1,2,1,4,3,2,1,2,1,1,1,1
2,12,2,5,6,1,3,4,0,1,2,3,3,3,2,1,3,1,1,1,2
2,12,4,1,18,1,1,4,0,1,2,3,3,3,2,2,4,1,2,1,1
1,12,4,0,34,1,3,3,1,2,2,1,2,3,2,2,3,1,1,1,2
2,48,2,0,84,5,4,1,1,1,2,3,2,3,2,1,3,1,1,1,1
1,36,3,6,68,1,3,4,0,1,3,2,2,2,2,1,3,1,2,1,2
4,15,2,2,27,1,2,2,0,1,3,2,2,1,2,2,2,1,1,1,1
4,18,2,2,19,1,3,4,0,1,4,4,4,1,3,2,3,1,1,1,1
4,60,2,3,101,2,4,2,1,1,4,1,2,3,2,1,3,1,2,1,1
4,12,4,3,12,5,5,4,1,1,2,1,3,3,2,2,3,1,2,1,1
4,27,3,1,86,4,3,2,0,1,2,3,2,3,2,2,3,1,1,1,1
2,12,2,3,7,3,3,4,0,1,3,1,6,3,2,1,2,1,1,1,2
2,15,4,3,27,5,4,4,0,3,2,1,3,1,2,3,3,1,2,1,1
3,12,2,3,18,1,3,2,1,1,2,3,4,3,1,1,2,1,2,1,1
3,6,2,0,7,4,2,2,0,1,2,1,2,3,2,1,1,1,1,2,1
2,36,2,3,47,1,2,4,1,1,1,4,3,3,2,1,4,1,2,1,1
1,27,2,3,34,1,3,3,0,1,2,3,2,3,2,1,4,1,1,1,1
1,18,2,2,24,1,3,2,0,1,2,3,2,3,2,1,3,1,1,1,2
4,21,4,2,22,1,2,4,1,1,4,2,2,3,2,1,3,1,2,1,1
2,48,1,9,35,2,4,4,0,1,2,3,3,3,2,1,3,1,1,1,1
1,6,4,0,8,1,5,1,1,1,4,4,3,3,2,2,3,1,2,1,1
4,12,4,0,6,2,4,4,1,1,3,3,5,3,2,2,3,1,2,1,1
1,36,4,2,53,1,3,3,0,3,2,2,2,3,2,2,3,1,1,1,1
4,18,4,3,15,4,5,4,0,1,4,3,4,3,2,2,3,1,1,1,1
4,6,2,3,13,2,5,2,0,1,4,4,4,1,3,1,3,2,2,1,1
4,10,2,3,19,1,3,1,0,1,4,2,3,3,2,1,3,1,2,2,1
3,36,2,3,58,1,3,4,0,1,1,3,2,3,2,1,3,1,1,1,1
2,24,4,1,77,4,5,2,1,1,4,4,2,3,1,1,3,1,1,1,1
2,24,3,9,69,2,4,4,0,1,4,3,3,3,1,1,4,1,2,1,1
1,12,2,2,12,1,3,2,1,1,4,3,2,3,1,1,3,1,1,1,2
1,9,4,5,12,2,5,3,0,3,4,1,4,3,2,2,3,2,1,2,1
1,12,1,8,3,1,5,4,0,1,1,3,4,1,2,1,2,1,1,1,1
2,24,2,0,35,2,4,2,0,1,3,3,3,1,2,2,3,1,2,1,1
4,6,4,3,18,5,3,1,0,1,2,1,3,3,2,2,2,2,1,1,1
4,24,4,3,28,2,5,3,0,1,4,1,3,3,2,1,3,2,2,1,1
4,18,4,0,10,1,2,4,1,1,1,2,3,3,2,2,3,1,1,1,1
4,15,2,4,12,3,4,4,0,1,3,2,3,3,2,2,3,1,2,1,1
2,10,2,0,73,1,1,2,0,1,4,4,7,1,3,1,4,1,2,1,1
4,36,2,0,9,3,5,4,0,1,4,2,3,3,2,1,3,1,1,1,1
4,6,2,2,29,3,3,1,0,1,2,3,3,3,2,1,3,1,2,1,1
1,18,2,2,11,1,1,4,1,1,2,3,3,3,2,1,3,1,1,1,2
2,11,2,2,15,4,2,4,1,1,1,1,2,3,2,1,3,1,1,1,1
4,24,2,2,39,1,4,2,1,1,4,2,2,3,1,1,3,1,2,1,1
2,24,4,9,19,1,5,4,0,1,4,1,3,3,2,2,3,1,2,1,2
1,15,0,0,9,1,5,4,0,1,3,3,3,3,1,2,3,2,1,1,2
4,12,2,2,7,1,3,4,1,1,1,1,2,3,2,1,3,1,2,1,1
2,24,3,2,20,1,1,3,1,1,2,2,3,3,2,1,4,1,2,1,2
2,8,2,3,14,1,3,4,0,3,2,1,3,3,2,1,3,1,1,2,1
1,21,3,6,34,1,2,2,0,1,1,2,2,3,2,2,3,1,1,1,2
4,30,1,1,74,5,1,4,1,1,1,1,5,1,2,1,4,1,2,1,2
1,12,2,2,25,1,3,2,0,1,1,3,4,3,2,1,3,1,1,1,1
1,6,4,3,3,3,5,4,0,1,4,3,5,3,2,2,3,1,1,1,1
4,12,2,3,19,1,4,4,0,1,2,3,3,3,1,2,4,2,2,1,1
1,21,4,0,5,1,5,4,0,1,4,1,6,3,2,2,3,1,1,1,1
4,36,3,9,95,1,2,1,0,1,1,3,2,3,2,2,3,1,1,1,2
2,36,3,9,44,1,3,2,0,1,2,1,3,2,2,2,4,1,2,1,2
1,21,1,0,16,5,3,4,0,1,2,2,4,3,2,2,2,2,1,1,2
4,24,4,2,37,4,3,4,0,1,4,1,5,3,2,1,3,1,2,1,1
2,18,4,0,8,1,5,4,0,1,4,3,3,1,2,1,3,2,2,1,2
4,15,4,3,13,1,3,4,0,1,2,2,3,3,2,2,3,1,1,1,1
2,9,1,1,51,1,5,2,1,1,4,4,7,1,3,1,4,2,2,1,2
2,16,4,0,11,1,1,2,0,1,3,3,6,3,3,3,1,1,2,1,1
1,12,2,3,6,2,4,4,0,1,1,2,2,3,2,1,3,1,1,1,2
2,18,0,2,32,1,3,1,1,1,4,3,3,1,2,2,3,1,2,1,1
4,24,2,9,45,4,3,2,0,1,3,2,5,3,2,3,4,1,2,1,2
2,48,0,9,38,2,4,4,0,1,4,4,3,3,3,1,2,2,1,1,2
2,27,2,9,39,1,3,4,0,1,2,3,3,3,2,1,3,2,2,1,2
4,6,2,3,21,1,4,2,0,1,2,1,2,3,1,1,3,1,1,1,1
2,45,2,3,30,2,3,4,0,3,4,2,2,3,1,1,3,1,1,1,2
2,9,4,6,15,1,5,2,1,1,3,3,3,3,2,2,4,1,2,1,2
4,6,4,3,13,1,3,1,1,1,1,3,2,3,2,2,3,1,2,1,1
2,12,2,2,9,2,2,4,1,1,4,3,2,1,1,4,3,1,1,1,2
2,24,2,1,27,5,5,4,0,1,4,4,3,1,3,1,3,1,2,1,1
2,18,3,2,42,1,5,4,0,1,3,4,4,3,2,1,4,1,2,1,2
4,9,4,6,9,3,5,4,0,1,2,3,5,3,2,2,3,1,2,1,1
1,12,2,0,11,1,3,4,0,1,3,1,2,3,2,1,2,1,1,1,1
4,27,3,9,51,1,4,3,0,1,4,3,2,3,2,2,3,1,1,1,1
1,12,2,8,9,1,4,4,0,1,4,2,2,3,1,1,3,1,1,1,2
4,12,4,0,14,1,5,4,0,1,1,1,3,3,2,2,2,2,1,1,1
1,30,4,1,106,1,5,3,0,1,4,4,3,3,3,3,4,2,2,1,1
4,12,4,2,19,1,5,4,0,1,4,1,4,3,2,3,3,1,2,1,1
2,12,4,4,14,1,4,4,0,1,3,2,2,3,2,1,3,1,1,1,1
1,24,2,9,65,1,3,2,0,1,2,3,2,2,2,1,2,1,1,1,1
4,12,2,1,14,4,4,3,0,1,2,2,5,3,2,1,3,1,1,2,1
4,9,4,3,30,5,3,1,0,1,2,1,3,3,2,2,3,2,1,1,1
4,36,2,3,38,5,5,2,1,1,4,1,4,3,2,1,2,1,2,1,1
1,27,0,9,52,1,1,2,0,1,4,2,5,2,2,2,3,1,2,1,2
3,30,3,9,19,1,5,4,0,1,4,1,6,3,2,1,4,1,2,1,2
4,36,4,3,33,5,5,4,0,1,2,3,5,3,2,1,3,1,2,1,1
2,6,4,8,9,5,4,1,1,1,3,2,3,3,2,2,2,1,1,1,1
1,18,0,9,31,1,4,3,0,1,1,2,3,1,2,1,3,1,2,1,1
3,36,2,3,39,1,3,2,0,1,2,1,2,3,2,1,3,1,2,1,1
1,24,2,2,30,1,3,2,0,1,2,1,2,3,1,1,2,1,1,1,1
4,10,2,0,13,1,3,2,1,1,4,3,6,3,2,1,3,1,2,1,1
2,12,2,3,6,1,2,4,0,3,1,1,2,1,2,1,2,1,1,1,1
1,12,2,6,12,5,3,4,1,1,4,2,2,1,1,1,3,1,2,1,1
4,12,2,3,7,1,3,4,0,1,2,1,3,1,2,2,3,1,1,1,1
4,24,3,9,29,5,3,4,0,1,4,1,3,3,2,2,3,2,2,1,1
4,15,2,1,46,1,3,3,0,1,2,3,3,3,2,1,3,1,2,1,1
4,36,0,5,26,1,3,4,0,1,2,3,2,3,2,2,3,1,1,1,1
2,48,2,3,109,4,4,1,0,2,2,4,2,1,2,2,3,1,2,1,2
1,12,2,2,78,1,5,4,0,1,4,4,5,3,3,1,4,1,2,1,2
4,9,2,3,14,1,4,4,0,1,2,3,2,3,2,1,3,1,1,1,2
1,24,2,2,31,1,2,4,0,1,1,4,2,1,3,1,3,1,1,1,1
3,36,2,3,42,1,3,4,0,1,2,3,2,3,2,1,3,1,1,1,2
4,9,2,0,25,3,5,2,0,1,4,4,5,3,3,1,2,1,1,1,1
4,12,2,3,21,2,4,3,0,1,1,4,3,3,2,1,3,1,1,1,1
2,18,2,3,8,1,3,4,0,3,2,1,2,3,2,1,2,1,1,1,1
4,4,4,3,15,1,4,2,0,1,1,1,4,3,2,3,2,2,1,1,1
1,24,2,3,18,1,1,4,0,1,2,3,3,2,2,1,4,2,1,1,2
2,6,2,0,145,5,1,1,0,1,2,2,2,3,2,1,1,1,2,1,2
2,21,2,9,27,2,5,4,0,1,2,3,6,1,1,2,2,1,1,1,2
4,12,4,3,12,1,3,4,1,1,2,2,3,3,2,2,3,1,1,1,1
1,30,2,3,25,1,5,1,0,3,3,2,3,3,2,1,3,2,1,1,1
1,24,2,0,9,5,5,4,1,1,2,3,2,1,2,1,3,1,1,1,2
4,6,2,3,15,1,4,3,0,1,2,2,5,3,2,1,3,2,1,1,1
1,48,0,1,46,1,5,3,0,1,4,4,2,3,3,2,3,2,1,1,2
4,12,4,9,11,1,3,3,1,1,2,1,2,3,2,2,3,1,1,1,1
4,12,1,8,34,3,3,4,1,1,3,1,3,3,2,1,2,2,1,1,1
4,24,2,9,12,1,4,4,0,1,1,1,2,3,2,1,3,1,2,1,1
4,12,4,3,7,1,5,4,0,1,4,1,5,3,2,3,3,1,1,1,1
4,6,0,0,12,2,3,4,0,1,1,4,3,1,1,1,3,1,1,2,1
3,24,2,2,19,1,3,2,0,1,2,1,2,3,2,1,3,1,1,1,1
4,18,2,3,4,1,1,3,1,2,4,1,2,3,1,1,3,1,1,1,2
1,6,4,0,6,4,4,3,1,1,4,1,3,3,2,2,2,1,2,1,1
3,12,2,2,22,1,3,1,1,1,2,3,4,3,2,1,2,1,1,1,1
2,30,2,0,21,1,3,4,1,3,2,4,2,1,2,1,3,1,1,1,2
4,24,3,2,41,2,3,2,0,1,3,2,3,3,2,2,3,1,1,1,1
2,9,2,2,20,5,4,2,0,1,1,3,2,3,2,1,3,1,2,1,1
2,60,3,3,74,5,3,1,0,1,1,1,2,3,2,1,2,1,1,1,1
4,24,4,3,26,1,3,4,0,1,2,1,3,3,2,2,2,1,1,1,1
1,12,1,3,21,1,3,4,0,1,1,4,2,3,3,1,3,1,1,1,2
4,15,2,1,38,2,2,1,1,1,4,3,2,3,2,1,3,1,2,1,1
4,11,4,3,11,2,1,4,1,1,4,1,5,3,2,3,2,1,1,1,1
1,12,2,2,16,1,3,2,0,1,2,1,2,3,2,1,3,1,1,1,1
1,24,2,3,16,1,5,4,1,1,4,3,5,3,2,1,3,1,1,1,1
1,18,4,0,53,1,5,2,0,1,4,4,3,3,3,3,4,1,2,1,1
4,12,4,6,27,1,5,2,1,1,4,4,5,1,3,3,2,1,1,1,1
4,10,4,0,12,1,5,3,0,1,4,1,3,3,2,2,2,2,1,2,1
2,15,2,3,8,1,5,4,0,1,3,3,3,3,2,1,3,2,1,1,2
4,36,4,9,63,5,5,4,0,1,4,1,3,3,2,2,3,1,1,1,1
4,24,2,3,15,1,2,4,1,1,3,3,3,2,2,1,3,1,2,1,1
1,14,2,0,89,1,5,1,0,1,4,2,4,3,2,1,4,1,2,2,2
4,24,2,3,9,5,5,4,0,1,2,3,2,3,2,2,3,1,1,1,1
4,18,2,0,26,5,4,4,0,1,3,2,3,3,2,1,3,1,1,2,1
4,12,4,2,14,3,4,3,1,1,4,3,3,3,1,1,3,1,2,1,1
2,48,1,0,121,5,1,4,0,2,4,4,3,3,3,1,4,1,2,1,1
2,48,2,3,30,1,4,4,0,1,4,1,2,3,2,2,3,1,1,1,2
1,30,2,5,119,1,2,1,0,1,1,4,3,3,2,1,2,1,2,1,2
4,9,2,3,26,1,3,1,0,1,2,1,3,3,2,1,3,2,1,1,1
4,18,4,3,24,1,3,2,1,1,2,3,2,3,2,2,3,1,1,1,1
1,12,2,2,12,5,5,2,0,1,4,2,4,3,2,1,2,1,2,1,1
4,6,2,2,46,1,2,1,1,1,4,2,3,3,2,1,3,1,1,1,2
4,24,2,3,19,2,3,4,0,1,4,3,2,3,1,1,4,1,2,1,1
4,15,4,1,33,4,5,3,0,1,4,4,2,3,1,2,3,1,2,1,1
4,12,2,2,15,1,3,4,0,1,2,1,5,3,2,1,3,1,1,1,1
3,18,1,3,14,5,4,4,0,1,4,3,4,1,2,1,2,1,1,1,1
4,15,4,2,15,5,5,4,0,1,4,2,6,3,2,1,3,1,1,1,1
2,24,4,0,38,2,2,4,0,1,2,3,3,3,2,1,3,1,2,1,1
1,47,2,0,107,1,2,1,1,1,1,1,3,3,2,1,2,1,2,1,1
1,48,2,1,47,1,4,4,0,1,3,2,2,3,2,1,3,2,1,1,1
2,48,3,10,75,2,1,2,0,1,4,4,3,3,3,1,4,1,2,1,1
2,12,2,3,10,1,3,4,1,3,4,1,4,3,2,2,3,1,2,1,1
1,24,3,3,10,1,2,4,0,1,4,1,4,2,2,1,3,1,1,1,2
4,12,2,9,10,1,3,2,0,1,2,1,2,3,2,1,3,1,2,2,1
2,36,2,1,93,1,2,1,0,1,4,3,2,3,1,1,4,1,2,1,2
1,24,4,1,64,1,5,2,1,1,4,4,4,3,3,2,4,2,2,1,1
3,42,4,1,47,1,5,4,0,1,4,4,5,3,3,1,3,1,1,1,1
4,48,4,9,76,5,5,4,0,1,2,3,4,1,2,2,4,2,1,1,1
2,48,2,2,99,1,2,1,1,1,2,3,2,3,2,1,3,1,2,1,2
4,12,2,1,46,5,2,1,1,1,4,3,2,3,1,1,3,1,1,1,1
4,10,2,0,12,5,5,4,0,2,2,2,4,3,2,1,2,1,1,2,1
4,18,2,2,25,1,3,3,0,1,4,1,4,3,2,1,3,1,2,1,1
2,21,4,2,27,4,4,3,0,1,2,3,3,3,2,2,3,1,2,1,1
4,6,2,0,6,1,1,1,1,1,4,1,5,3,2,1,1,1,2,1,1
2,36,0,3,38,1,3,4,1,1,1,3,4,3,2,1,3,1,2,1,2
3,24,4,0,13,5,4,4,0,1,2,1,3,1,2,2,2,2,1,1,2
1,10,4,0,10,1,4,4,0,2,3,2,4,3,2,2,3,1,2,1,1
4,48,4,0,101,3,3,2,0,1,2,4,4,1,3,1,3,1,1,1,2
4,6,2,2,15,4,3,4,0,1,2,1,3,3,2,1,3,1,1,1,1
4,30,2,1,48,5,4,2,1,1,4,2,2,2,1,1,2,1,1,1,1
1,12,2,3,7,2,2,4,0,1,3,4,3,3,2,1,2,1,2,1,2
2,8,2,2,12,1,3,3,1,1,4,1,2,3,2,1,3,1,1,1,2
2,9,2,0,2,1,3,4,0,1,4,1,2,3,1,1,2,1,1,1,1
2,48,2,10,53,5,1,3,0,1,4,4,4,1,3,1,1,1,2,1,1
4,24,2,2,55,2,3,4,0,1,1,3,2,2,2,1,3,1,1,1,1
3,24,2,2,37,1,2,2,1,1,4,3,2,3,2,1,3,1,1,1,1
2,12,2,0,6,1,4,2,0,1,3,3,2,1,2,1,2,1,1,1,2
3,4,2,0,14,5,2,1,0,1,2,1,2,3,2,1,2,2,1,2,1
1,36,1,2,27,1,5,4,0,1,4,3,3,1,2,1,3,1,1,1,2
1,12,2,2,7,1,3,2,0,3,3,2,3,3,2,1,2,2,1,1,1
2,24,2,2,43,5,3,1,1,1,4,2,4,3,2,1,2,1,2,1,1
4,12,4,6,7,1,3,4,0,1,2,3,3,3,2,2,3,1,1,1,1
1,15,3,2,36,1,5,1,1,1,4,2,2,3,2,2,2,1,1,1,1
2,30,4,0,42,1,1,4,0,1,2,3,2,3,2,2,4,1,1,1,2
1,24,2,3,19,1,2,4,0,1,3,2,3,3,2,1,3,1,1,1,2
1,24,2,1,29,1,4,2,0,1,1,4,3,3,3,1,4,1,2,1,1
1,18,2,2,26,4,3,4,0,1,2,3,2,3,2,1,3,1,1,1,1
4,18,4,0,10,1,3,4,1,1,3,1,3,3,2,2,3,1,1,1,1
1,8,4,0,33,1,4,1,0,1,4,1,3,3,2,2,2,1,1,2,1
4,12,4,2,58,5,5,2,0,1,4,2,4,3,1,1,3,1,2,1,1
4,24,2,0,15,4,4,4,1,1,3,3,3,3,2,1,3,2,2,1,1
3,36,2,3,44,1,5,4,0,1,2,3,3,3,2,1,3,1,1,1,1
2,6,2,3,10,1,5,4,0,1,4,3,2,3,2,1,3,2,1,1,1
1,24,4,1,66,1,1,2,0,1,4,4,7,3,3,2,4,1,2,1,1
4,18,4,6,18,2,3,4,1,1,2,1,3,3,2,2,3,1,1,1,2
2,60,2,0,74,2,2,4,1,1,2,2,2,3,2,1,4,1,1,1,2
4,48,4,1,115,2,3,2,1,1,4,3,2,1,1,2,2,1,1,1,2
1,24,0,2,41,1,5,3,0,1,4,4,2,1,1,2,3,2,1,1,2
1,6,4,2,33,1,3,1,0,1,4,1,4,3,1,1,4,1,2,1,2
2,13,2,3,21,1,2,2,1,3,4,2,2,3,2,1,2,1,1,1,1
1,15,2,4,12,5,3,4,1,1,2,3,2,3,1,1,3,1,1,1,2
1,24,2,2,41,1,3,4,0,1,4,2,2,3,2,1,3,1,1,1,1
2,10,2,2,15,1,3,4,0,1,2,3,3,3,2,1,2,1,1,1,1
2,24,4,6,57,1,2,2,1,1,4,4,2,3,3,2,3,1,2,1,1
1,21,2,2,35,1,4,1,1,1,4,3,2,3,1,1,2,1,1,1,1
2,18,2,3,32,3,2,1,0,1,3,1,2,3,1,1,3,1,1,1,1
2,18,2,9,44,1,5,1,0,2,1,1,3,1,2,1,4,1,2,1,1
3,10,2,0,39,1,2,1,0,3,1,2,3,3,2,1,2,2,1,1,1
4,15,4,3,14,1,3,4,1,1,2,3,4,3,2,1,2,1,1,1,1
2,13,4,3,8,1,2,4,0,3,4,1,2,3,2,2,3,1,1,1,1
2,24,2,3,37,3,1,1,1,1,4,4,2,3,1,1,1,1,1,1,1
4,6,3,9,17,2,3,1,0,1,2,1,3,3,2,2,2,1,1,1,1
2,9,4,6,11,4,5,4,0,1,3,4,3,3,3,2,3,2,1,1,2
4,9,2,4,12,1,2,1,1,1,4,1,2,3,1,1,3,1,2,1,1
2,9,2,2,9,1,3,1,1,1,2,3,2,3,2,1,3,1,1,2,2
4,18,4,1,32,5,1,2,0,1,4,4,3,3,2,1,4,1,2,1,1
1,12,0,3,61,1,3,4,0,1,2,2,2,3,1,2,3,1,2,1,2
4,10,2,6,7,3,5,4,0,1,4,4,4,3,3,1,3,1,2,1,1
2,24,2,0,12,1,2,4,0,1,2,1,2,2,2,1,2,1,1,1,2
4,12,4,3,23,5,5,1,0,2,4,1,4,3,2,1,3,1,2,1,1
4,36,3,3,44,1,3,4,0,1,2,3,2,3,2,2,4,1,2,1,2
4,12,2,3,7,1,3,4,0,1,2,1,2,3,2,1,3,1,1,1,1
1,30,2,2,24,1,4,4,1,1,4,1,2,3,1,1,3,1,1,1,2
2,18,2,6,12,5,3,4,0,1,4,4,6,3,3,1,3,1,1,1,1
3,12,2,3,33,5,5,2,0,1,3,3,3,3,2,1,4,1,1,1,1
3,12,3,0,22,1,3,2,1,1,2,3,3,2,2,2,3,1,2,1,1
4,6,2,2,17,1,3,1,0,1,2,2,2,3,1,1,3,1,1,1,1
1,18,2,2,24,1,1,4,0,1,1,3,2,3,2,1,1,1,1,1,2
4,12,2,9,15,1,4,2,0,1,4,3,3,3,2,1,3,1,2,1,1
4,18,4,1,38,1,4,3,0,1,1,3,2,3,2,2,3,1,1,1,1
1,18,2,2,36,1,2,1,1,1,4,3,2,3,1,1,3,1,1,1,1
1,36,2,2,34,1,5,4,0,1,2,3,4,3,2,1,3,2,1,1,2
2,18,2,2,30,1,4,2,1,1,4,1,4,3,1,1,3,1,1,1,1
4,36,2,0,30,5,3,4,0,1,4,1,3,3,2,1,3,1,1,1,1
4,18,4,3,60,1,5,3,0,1,4,3,3,3,2,2,3,1,2,1,1
4,10,4,2,21,1,2,1,1,1,3,1,2,3,1,2,3,1,1,1,1
4,60,4,0,137,5,5,2,0,1,4,4,6,1,3,1,4,1,2,1,1
2,60,1,10,147,2,5,3,1,1,4,4,6,1,3,2,4,1,2,1,2
1,48,1,9,76,1,4,2,1,3,4,3,3,3,1,1,3,1,1,1,2
4,18,3,3,23,1,1,2,0,1,3,1,3,3,2,2,3,1,1,1,1
4,7,3,3,8,5,5,3,0,1,4,4,3,3,3,1,3,1,1,1,1
2,36,2,0,143,1,5,4,0,1,2,4,5,3,3,1,4,1,2,1,2
4,6,4,0,3,2,3,4,1,1,4,3,5,3,2,2,2,1,1,1,1
1,20,2,2,22,5,4,4,0,1,4,3,3,3,2,1,3,1,2,1,1
2,18,2,1,129,1,1,3,1,1,4,4,3,3,3,1,4,1,2,1,2
4,22,2,0,12,5,4,4,1,1,4,2,2,3,1,1,3,1,1,1,1
3,12,2,0,13,1,2,4,0,1,1,1,2,3,2,1,3,1,1,1,1
4,30,3,9,42,2,3,2,0,1,2,2,2,3,2,2,2,1,1,1,1
4,18,4,3,22,1,3,2,1,1,1,3,2,3,2,2,3,1,1,1,1
4,18,2,3,11,5,2,4,1,1,2,1,2,3,1,1,3,1,2,1,1
2,18,4,2,73,1,1,4,0,1,4,2,4,2,2,2,4,1,2,1,1
2,15,4,9,23,3,3,2,0,1,4,3,2,1,2,1,3,1,1,1,1
4,9,2,9,14,1,4,3,1,1,2,3,2,3,2,2,3,1,1,1,1
4,18,2,0,18,1,3,2,0,1,2,2,3,3,2,1,4,1,2,1,1
2,12,2,2,9,4,2,1,1,1,4,1,1,3,1,1,2,1,1,1,1
1,36,2,0,32,1,4,2,0,1,4,4,3,1,3,1,4,2,2,1,1
1,6,4,3,19,1,4,1,1,1,4,3,3,3,2,1,3,1,1,1,1
4,9,4,2,24,1,1,2,0,1,3,3,3,3,2,1,4,1,1,1,1
2,39,3,6,117,2,4,2,0,1,3,4,3,3,1,1,3,1,2,1,1
1,12,2,2,25,1,1,3,1,1,4,4,5,3,3,1,4,1,1,1,1
1,36,4,2,23,1,3,3,0,1,2,2,4,3,2,2,3,1,2,1,1
2,12,2,0,12,1,5,1,0,1,1,1,4,3,1,2,3,1,1,1,2
4,24,4,3,15,4,3,4,1,1,1,1,4,3,2,2,2,1,1,1,1
4,18,2,3,14,1,2,3,0,1,4,1,3,3,2,1,3,1,2,1,1
2,18,4,9,18,5,3,4,0,1,4,1,2,1,2,2,3,1,1,1,1
4,24,3,9,86,1,2,2,0,1,2,3,2,1,2,2,3,1,2,1,2
4,14,3,0,8,1,3,4,0,1,2,3,2,3,2,2,2,1,1,1,1
2,18,3,0,28,5,5,4,0,1,4,3,4,3,2,1,3,2,1,1,1
2,24,2,3,20,1,2,1,0,1,1,2,2,3,2,1,3,1,2,1,2
4,24,4,1,21,5,4,4,0,1,4,3,4,3,2,2,3,2,2,1,1
1,15,2,3,10,1,2,4,0,1,2,1,2,3,2,1,3,1,1,2,1
4,24,2,3,32,3,5,3,0,1,2,3,2,3,2,1,4,1,2,1,1
3,12,4,0,9,3,4,4,0,1,2,1,2,3,2,3,3,1,2,1,2
2,24,2,3,19,1,5,4,1,1,4,3,2,3,2,1,3,1,2,1,1
4,33,4,1,72,1,4,3,0,1,2,3,3,3,2,2,4,1,2,1,1
4,12,4,9,22,1,1,4,0,1,2,3,4,2,2,2,4,1,2,1,2
4,10,2,0,15,3,3,3,0,1,2,4,4,3,1,1,2,2,1,2,1
1,24,2,0,13,5,3,4,1,1,2,2,3,3,2,1,3,1,1,1,2
4,36,4,1,58,1,5,2,0,1,2,2,3,3,2,2,3,2,2,1,1
1,12,2,0,25,1,2,4,0,1,1,1,3,3,2,1,2,2,1,1,2
1,18,3,6,84,5,3,1,1,1,2,3,2,3,1,2,3,1,2,1,1
4,21,2,0,27,3,4,1,1,1,2,3,3,1,2,1,4,1,1,1,1
2,18,2,0,10,5,3,4,1,1,2,2,3,3,2,1,3,1,1,1,2
4,15,2,0,31,4,4,2,1,1,3,3,2,3,1,1,3,1,1,1,1
2,12,2,1,20,5,3,4,0,1,2,3,3,3,2,1,3,1,1,1,1
2,12,4,0,9,1,4,2,0,1,3,1,4,3,2,2,2,2,1,1,1
4,21,3,2,15,2,4,4,0,1,3,1,3,3,2,2,4,1,1,1,1
2,12,2,2,27,5,5,1,1,1,2,2,2,1,2,1,3,1,2,1,2
2,18,2,1,27,1,3,1,0,1,3,3,2,3,1,1,3,1,2,1,1
4,28,4,3,27,1,5,4,0,1,2,3,2,3,2,2,3,1,1,1,1
4,18,4,3,11,4,3,4,0,1,3,1,4,3,2,2,3,1,1,1,1
4,9,2,2,13,1,5,1,0,1,4,3,2,3,2,1,3,1,1,1,1
1,18,4,5,11,1,1,2,1,1,4,4,5,3,3,3,1,2,1,1,2
4,5,2,9,34,1,4,1,0,1,4,1,7,3,2,1,2,1,1,1,1
2,24,2,10,113,1,3,2,0,2,3,3,2,1,2,2,4,1,2,1,2
1,6,4,2,18,1,1,4,0,1,4,4,3,3,3,3,4,1,2,1,1
4,24,4,5,20,1,3,4,0,1,2,1,3,3,2,2,3,1,2,1,1
1,9,2,2,21,1,3,3,0,1,2,1,2,3,2,1,3,1,1,1,1
2,12,2,3,14,5,3,2,0,1,1,1,2,3,2,1,3,1,2,1,2
4,6,2,5,6,3,4,2,0,1,4,1,2,3,1,1,2,1,1,1,1
4,24,4,0,12,4,5,4,1,1,4,1,3,3,2,2,3,1,2,1,1
1,42,4,5,33,1,1,4,0,2,4,3,6,3,2,2,1,1,1,1,1
3,12,1,9,6,1,2,4,1,1,1,1,2,3,2,1,1,1,1,1,2
4,12,2,0,18,1,5,4,0,1,4,3,3,3,2,1,4,1,2,1,1
1,12,2,2,16,1,3,2,1,2,3,2,3,3,2,1,3,1,1,1,1
2,20,3,10,26,1,3,2,0,1,3,3,2,1,2,2,3,1,2,1,1
4,12,2,6,7,1,5,4,0,1,4,3,4,1,2,1,2,2,1,1,2
2,48,4,2,50,1,3,2,1,1,3,3,3,3,2,1,4,1,2,1,2
4,9,4,6,12,5,5,4,1,1,4,2,4,3,1,2,2,1,1,1,1
1,36,2,0,18,1,2,4,1,1,4,3,3,3,2,1,3,1,2,1,2
2,7,2,3,25,1,3,2,0,3,2,1,3,3,2,1,3,1,1,1,1
3,12,2,2,14,5,5,3,1,1,4,1,5,3,2,1,4,1,2,1,1
2,15,3,5,15,4,3,3,0,1,3,2,6,2,2,2,3,1,1,1,2
4,36,4,1,110,5,3,4,0,1,2,3,3,3,2,1,4,1,2,1,1
4,6,2,3,5,1,3,3,1,1,1,1,2,3,2,1,3,1,1,1,1
4,12,0,2,27,1,5,2,0,1,4,2,3,3,2,2,3,1,1,1,1
4,24,2,1,26,1,5,4,0,1,4,3,3,3,2,1,4,1,2,1,1
1,24,2,0,48,1,4,2,0,2,3,2,3,3,2,1,3,1,2,1,2
4,24,2,1,26,1,2,4,1,1,1,4,2,3,2,1,4,1,2,1,1
1,11,4,0,39,1,3,2,0,1,2,1,3,3,1,2,3,2,1,1,1
1,12,2,1,33,1,5,3,0,1,4,4,3,3,3,1,3,1,2,1,2
1,6,2,4,3,1,2,4,1,1,1,1,2,3,2,1,3,1,1,1,1
4,18,2,3,45,1,2,3,0,1,2,3,3,3,2,1,3,1,2,1,1
1,36,2,2,36,1,3,1,0,3,2,2,3,3,2,1,3,2,1,1,1
1,15,2,0,17,1,2,2,0,1,3,1,3,3,2,1,3,1,1,1,1
2,12,2,2,30,1,2,3,1,1,1,1,3,3,1,1,4,1,1,1,1
2,12,2,8,7,5,5,4,0,1,4,2,3,3,2,2,3,1,1,1,1
4,18,2,9,19,1,4,4,0,1,1,3,3,2,2,2,3,1,2,1,1
1,24,2,1,29,1,3,3,0,3,4,4,6,1,2,1,3,2,2,1,1
1,24,3,3,16,1,2,4,1,1,2,3,2,3,1,1,2,1,2,1,2
4,48,3,3,72,5,5,3,0,1,3,3,3,1,2,2,3,2,1,1,1
4,33,3,9,27,1,3,2,1,1,2,3,2,3,2,2,3,1,2,1,1
4,24,3,1,46,1,4,3,0,1,3,3,3,3,2,2,2,1,2,1,1
2,24,2,3,30,2,2,3,0,1,2,3,2,3,1,1,3,1,2,1,2
1,6,2,6,4,1,2,4,1,1,4,2,2,3,2,1,3,1,1,1,2
1,9,2,0,6,1,3,4,0,1,3,3,2,3,2,1,2,1,1,1,2
4,6,2,8,12,5,1,4,0,1,4,2,3,3,2,1,4,2,2,1,1
2,18,4,3,12,1,3,4,0,1,2,3,3,3,2,1,3,1,1,1,2
1,18,0,2,31,1,2,1,1,1,4,2,2,3,1,1,3,1,1,1,2
4,39,2,1,25,3,3,4,0,1,4,3,2,3,2,1,3,1,1,1,1
3,24,2,3,51,1,4,4,0,1,2,3,2,1,2,1,3,1,1,1,1
2,12,2,9,10,2,4,3,0,1,4,1,3,3,2,1,2,1,1,1,1
1,15,4,2,14,1,5,4,0,1,4,3,4,3,2,2,3,2,2,1,1
2,12,4,3,35,1,3,1,1,1,1,1,2,3,2,1,2,1,1,1,1
2,24,2,0,12,1,2,4,0,1,1,2,2,3,2,1,3,1,1,1,1
1,30,2,2,36,4,5,4,1,1,4,2,5,3,1,2,3,1,2,1,1
4,15,3,2,9,4,4,3,1,1,2,2,3,3,2,2,3,1,1,1,1
4,12,4,0,11,3,3,4,0,1,4,1,4,3,2,1,3,1,2,1,1
2,6,3,0,12,1,1,4,0,1,4,2,4,3,2,1,4,1,2,1,2
4,12,2,3,30,1,3,2,0,1,4,3,5,3,2,1,3,1,2,1,1
4,24,2,0,37,1,5,4,1,2,4,4,6,3,3,1,3,1,2,1,1
4,10,2,0,14,2,3,3,0,1,2,1,3,3,1,1,2,1,1,2,1
4,6,2,0,35,1,3,2,0,3,3,2,2,3,1,1,3,1,1,1,1
4,12,4,3,19,1,5,2,0,1,2,4,2,3,2,2,3,1,1,1,1
2,27,0,9,83,1,5,2,1,1,4,4,4,3,3,2,4,1,2,1,2
4,6,4,3,12,2,3,1,1,1,1,2,2,3,2,2,3,1,1,1,1
2,6,2,3,3,5,5,4,0,1,4,2,3,3,2,1,3,1,1,1,1
1,12,4,0,21,1,3,3,0,1,2,1,3,3,1,2,2,2,1,2,1
1,24,2,2,29,5,3,2,0,1,4,3,2,3,2,1,3,1,1,1,2
2,36,2,2,90,2,2,4,0,2,1,4,2,3,1,1,4,1,2,1,2
4,24,4,2,15,1,4,4,0,1,3,2,4,3,2,2,3,1,1,1,1
2,18,2,3,13,1,5,4,0,3,2,1,3,3,2,1,2,1,1,1,1
3,6,4,0,13,2,5,2,0,1,4,3,2,3,2,2,3,2,2,1,1
1,24,2,0,31,1,2,4,1,1,1,2,2,3,2,1,3,1,1,1,2
1,36,2,1,54,1,5,2,0,1,4,4,4,3,3,1,3,2,1,1,1
3,9,2,3,11,2,5,2,0,1,4,1,4,3,2,1,3,1,1,1,1
2,24,4,3,12,2,2,4,0,1,4,4,3,1,2,2,3,2,1,1,2
1,24,2,0,12,1,2,4,1,1,4,2,2,3,1,1,3,1,1,1,2
4,10,2,0,13,5,3,4,0,3,4,2,2,3,2,1,2,1,1,1,2
3,15,4,1,23,3,3,2,0,1,2,3,3,3,2,1,3,1,2,1,1
2,15,1,0,68,2,1,1,0,1,2,2,3,3,2,1,4,2,2,1,2
4,24,2,3,14,1,3,4,0,1,2,2,2,3,2,1,3,1,1,1,1
4,39,2,1,85,2,5,4,0,1,2,3,4,3,2,1,4,1,2,1,1
1,12,2,0,7,1,4,4,0,1,2,1,2,3,2,1,3,1,1,1,2
4,36,2,1,46,1,3,2,0,1,2,4,3,3,3,1,4,1,2,1,1
3,15,2,9,26,1,4,2,0,1,4,2,2,3,1,1,3,1,2,1,1
2,12,3,3,5,1,3,4,0,2,4,1,2,3,1,2,3,1,1,1,1
4,24,2,0,22,5,2,4,0,1,1,2,5,3,2,1,3,1,1,1,1
1,6,4,0,6,1,4,4,1,1,3,2,3,3,2,2,3,1,1,2,1
1,6,4,0,13,1,2,2,0,1,4,1,4,3,2,1,2,2,1,2,1
4,36,4,2,71,1,2,2,1,1,4,2,2,3,1,2,3,1,2,1,2
1,6,2,0,12,2,5,3,0,1,2,2,4,3,2,1,3,1,2,1,1
4,6,4,3,7,5,5,4,0,1,4,4,3,3,3,2,3,1,1,1,1
4,24,4,5,55,1,5,3,0,1,4,4,4,3,3,2,3,1,1,1,1
1,18,2,3,31,1,3,2,1,1,2,1,2,3,2,1,3,1,1,1,2
1,48,0,2,71,1,3,3,0,1,4,4,5,3,3,2,3,2,1,1,2
4,24,2,1,34,2,4,3,1,1,4,3,2,3,2,1,3,1,1,1,1
2,18,2,3,11,1,3,4,1,3,4,1,2,3,2,1,2,2,1,1,1
2,26,2,1,79,1,2,2,0,1,3,3,3,3,2,2,3,1,1,1,1
4,15,4,6,15,2,3,4,1,1,3,3,3,3,2,1,3,1,1,1,1
4,4,4,3,15,1,4,2,0,1,1,1,4,3,2,2,2,2,1,1,1
1,36,2,3,23,1,3,4,0,1,4,3,3,3,1,1,3,1,1,1,2
1,6,2,0,6,1,2,3,0,1,4,1,4,3,2,1,2,2,2,1,1
2,36,2,6,22,1,4,3,0,1,1,3,3,3,2,2,3,2,1,1,1
2,15,2,0,26,2,3,2,1,1,4,3,2,3,1,2,3,1,2,1,2
4,12,3,1,15,1,3,4,0,1,4,1,4,3,1,1,3,1,1,1,1
4,24,2,3,13,2,4,4,0,1,3,2,2,3,2,1,3,1,2,1,1
4,24,2,3,31,5,2,4,0,1,2,3,2,3,2,2,3,1,1,1,1
3,21,4,6,23,1,2,2,0,1,1,3,3,3,1,1,3,1,1,1,2
1,6,2,0,13,5,1,4,1,1,3,2,7,3,2,1,4,1,2,1,1
2,18,4,2,36,1,5,3,1,1,4,2,3,3,2,1,3,1,2,1,1
1,48,2,0,77,1,5,4,0,1,4,4,4,1,3,1,4,1,1,1,2
3,18,2,2,30,1,2,1,1,1,1,2,4,2,2,1,2,1,1,1,1
2,12,2,3,15,1,2,1,0,1,1,1,2,3,1,1,3,1,1,1,2
4,24,3,0,20,1,5,4,0,1,4,4,6,3,3,2,3,1,2,1,1
1,30,2,2,63,5,5,4,0,1,4,2,3,3,2,1,3,1,1,1,2
3,18,2,2,28,1,3,2,0,1,1,1,3,3,2,1,2,2,1,1,2
4,12,4,0,12,1,5,4,0,1,4,1,6,3,2,2,2,1,1,1,1
1,24,3,0,13,1,1,4,0,1,2,1,4,3,3,2,3,2,1,1,2
4,24,4,0,20,1,3,4,1,1,4,3,3,3,2,1,3,1,2,1,1
4,24,2,3,15,1,4,3,0,1,1,3,3,1,2,1,3,2,1,1,1
1,12,1,3,6,1,3,4,1,1,4,1,2,1,2,1,2,1,1,1,2
4,48,4,1,88,5,4,2,0,1,1,4,3,3,3,2,3,1,2,1,1
4,12,4,5,9,5,4,4,1,1,4,1,2,3,2,2,3,1,1,1,1
4,6,1,3,17,3,5,2,0,1,4,2,4,1,2,1,2,2,1,1,1
1,48,2,3,69,1,4,1,0,3,1,1,3,3,2,2,3,1,2,1,2
2,12,4,0,19,2,2,4,0,1,1,3,2,3,2,1,3,1,1,1,1
2,9,2,6,11,1,4,4,1,1,4,2,6,3,2,2,4,1,2,1,1
2,12,2,3,13,1,2,2,0,1,1,3,2,2,2,1,3,1,1,1,2
2,18,0,0,22,2,2,3,1,1,3,3,2,3,2,2,3,1,1,1,2
4,21,0,0,50,5,3,1,1,1,4,2,2,1,2,2,3,1,2,1,2
1,24,1,2,35,1,4,3,0,1,4,3,2,1,2,1,3,1,1,1,2
2,18,4,2,19,1,2,2,0,1,2,1,3,3,2,2,2,1,1,1,2
1,24,2,1,29,5,5,4,0,1,4,4,4,1,3,1,3,2,2,1,1
1,24,1,3,15,1,4,4,0,3,4,3,2,1,1,1,2,1,1,1,2
3,6,3,3,6,1,2,2,1,1,1,2,2,1,2,1,3,1,1,1,1
2,36,2,0,123,5,3,1,0,1,4,4,3,3,3,1,3,1,2,1,2
2,24,3,9,47,5,3,4,0,1,2,2,3,1,2,2,4,1,2,1,1
2,24,3,3,15,2,4,3,1,1,2,2,2,3,1,2,3,1,2,1,1
1,12,2,0,13,1,4,2,0,1,3,3,3,3,2,1,3,1,1,1,2
4,24,4,3,25,4,5,2,0,1,2,3,3,3,2,1,3,1,1,1,1
2,48,2,3,39,5,4,4,0,1,1,3,4,3,2,2,3,2,2,1,1
1,48,2,3,67,1,3,3,1,1,2,3,3,3,2,1,3,1,2,1,2
1,24,2,2,32,1,2,4,1,1,4,1,2,3,1,1,2,1,2,1,2
4,30,4,3,59,1,4,3,0,2,2,3,3,3,2,1,3,1,1,1,1
4,24,2,1,54,5,1,2,1,1,4,2,2,3,1,1,4,1,2,1,1
1,15,2,9,8,1,3,4,1,1,4,2,2,3,2,1,2,1,1,1,1
2,9,2,3,10,1,5,4,0,1,4,3,2,3,2,2,2,1,1,1,1
4,15,4,2,27,1,4,2,1,2,3,3,2,1,2,2,3,1,1,1,1
2,12,2,3,29,1,4,2,1,1,1,1,2,3,2,1,3,1,1,1,1
4,24,4,6,19,5,3,3,1,1,2,3,3,3,2,2,3,1,2,1,1
2,36,4,0,28,1,2,4,0,1,4,3,2,3,2,2,3,1,1,1,2
4,24,2,8,9,1,2,4,0,1,3,3,2,3,2,2,2,1,1,1,1
2,18,4,0,10,1,5,3,0,3,3,1,3,1,2,2,3,1,1,1,2
2,12,4,0,31,1,2,1,0,1,3,1,4,1,2,2,2,2,1,1,1
4,9,2,2,13,1,3,4,1,1,2,1,2,3,1,1,3,1,1,1,1
2,36,2,5,23,1,2,4,0,1,1,4,3,3,1,1,2,1,1,1,2
4,12,2,0,21,5,5,4,1,1,4,4,5,3,3,1,4,1,2,1,1
1,18,2,2,20,1,3,1,1,1,4,1,2,1,1,1,3,1,1,1,2
1,9,4,0,27,1,3,2,0,1,2,1,3,3,1,2,3,2,1,1,1
1,12,2,2,12,1,3,4,0,3,1,2,2,3,2,1,2,1,1,1,1
1,18,2,4,12,1,3,4,0,1,3,1,4,3,2,1,2,1,2,1,2
1,12,4,2,22,1,5,3,0,1,3,2,6,3,2,2,3,1,1,1,2
1,12,4,3,3,1,4,4,1,1,3,1,5,3,2,4,2,1,2,1,1
2,24,3,0,19,5,3,4,1,1,4,3,4,3,1,2,3,1,2,1,1
4,21,2,9,15,4,5,4,1,1,4,1,3,1,2,1,2,1,1,1,1
2,24,2,0,27,1,3,3,1,1,4,2,2,3,1,1,2,1,2,1,2
1,24,1,10,13,5,5,4,0,1,3,3,4,2,2,1,4,1,2,1,2
2,6,1,0,9,2,2,1,1,1,1,2,3,2,2,1,2,1,1,1,2
1,24,2,0,14,1,4,4,1,1,4,3,2,3,1,2,3,1,1,1,2
2,24,0,9,42,1,3,1,0,1,4,1,3,3,2,3,2,1,2,1,2
4,18,4,0,27,1,4,2,0,1,2,2,3,1,2,2,3,1,1,1,2
4,24,3,9,38,1,3,1,0,1,2,4,3,3,3,1,3,1,1,1,1
2,7,2,3,23,1,2,1,1,3,1,1,4,3,2,1,3,1,1,1,1
2,9,2,2,9,1,3,4,1,1,1,2,3,3,2,1,3,1,1,1,2
2,24,1,6,18,1,4,4,1,1,4,4,3,1,3,1,2,1,1,1,2
4,36,2,2,33,1,3,4,1,1,2,3,2,3,2,1,4,1,2,1,2
3,10,2,2,12,1,2,4,1,1,2,2,2,3,2,1,3,1,1,1,1
1,24,1,2,28,3,3,4,0,1,4,1,2,2,2,1,3,1,2,1,1
4,24,4,9,45,1,3,3,0,1,2,1,7,3,2,1,4,1,2,1,1
2,36,2,3,26,2,3,4,1,2,4,4,5,3,3,1,3,1,1,1,2
4,18,2,3,20,1,2,4,0,1,1,1,3,3,2,1,3,1,1,1,1
4,15,2,1,13,5,5,4,0,1,4,4,4,1,3,1,3,2,1,1,1
1,12,2,4,7,2,1,4,1,1,3,2,2,3,2,1,3,1,1,1,2
3,10,2,0,12,2,5,1,1,1,4,4,4,3,3,1,2,2,1,1,2
1,21,2,3,33,4,2,4,1,1,2,3,2,1,2,1,3,1,1,1,1
1,24,1,1,36,1,3,1,1,3,4,3,2,1,1,1,3,1,1,2,1
4,18,3,2,18,1,4,4,1,1,1,1,2,3,2,1,3,1,1,1,2
2,48,0,9,122,5,3,2,0,1,2,3,4,1,2,1,4,1,2,1,1
2,60,3,3,91,5,3,2,0,1,2,4,2,3,3,1,4,1,1,1,1
1,6,4,0,36,1,3,1,0,1,3,1,3,3,1,3,3,2,1,1,1
2,30,2,2,34,2,3,2,1,2,4,3,2,3,1,1,3,1,1,1,2
4,12,2,0,6,1,3,4,0,1,2,1,4,3,2,1,2,1,1,1,1
2,21,4,9,36,1,4,2,0,1,3,2,2,3,2,2,3,1,1,1,1
4,18,4,0,15,1,3,3,0,1,2,2,3,1,2,2,3,1,1,1,2
4,48,2,9,39,5,3,4,0,1,2,1,3,1,2,1,3,1,1,1,2
1,12,2,2,18,1,2,4,1,1,1,3,2,3,1,1,3,1,1,1,1
1,18,2,3,26,1,3,4,0,1,4,4,6,3,3,2,3,1,1,1,2
4,15,2,3,19,5,5,4,0,1,2,3,3,3,2,1,3,1,1,1,1
3,6,2,2,21,1,3,2,0,1,2,1,4,3,2,1,3,1,2,1,1
2,9,1,0,14,2,4,2,0,1,3,4,2,3,2,1,3,1,1,1,2
4,42,4,2,40,3,3,4,0,1,4,1,3,3,2,2,3,1,2,1,1
4,9,2,6,38,5,5,1,0,1,4,1,6,3,2,1,2,1,1,1,1
1,24,2,3,36,1,3,2,1,1,4,3,2,3,2,1,3,1,1,1,1
1,18,1,2,15,1,3,4,0,1,3,3,4,1,2,1,3,1,1,1,2
2,15,2,3,14,5,2,4,0,1,1,2,2,3,2,1,3,1,1,1,1
4,9,2,2,19,1,2,2,1,2,2,3,1,3,1,2,3,1,1,1,2
2,24,2,0,13,1,2,3,1,1,4,3,2,3,2,1,2,1,2,1,2
4,12,2,6,13,1,5,4,0,1,4,2,4,1,2,3,3,2,2,1,1
4,24,2,3,13,3,4,4,1,1,1,3,2,3,2,1,3,1,1,1,1
4,60,3,3,156,1,4,2,0,1,4,3,2,3,2,2,3,1,2,1,1
4,12,2,3,14,1,2,4,1,1,3,3,3,3,2,1,3,2,1,1,1
1,42,3,3,43,1,4,3,0,1,2,2,2,1,2,2,3,2,2,1,2
1,18,2,6,7,1,1,4,1,1,1,1,2,3,2,1,1,1,1,1,2
2,15,2,5,13,1,5,4,0,1,4,3,3,3,2,2,2,1,1,1,1
4,15,2,6,46,2,3,3,0,1,2,2,4,3,2,1,4,1,2,1,2
4,24,4,3,18,1,4,4,0,3,2,3,3,3,2,2,3,1,2,1,1
1,18,4,3,18,1,4,4,0,1,1,2,3,3,2,2,4,1,2,1,1
4,36,3,9,79,5,2,4,0,1,4,3,2,3,1,2,3,1,2,1,2
1,30,0,2,45,1,3,2,0,3,2,1,3,3,2,2,3,1,1,1,1
4,12,2,0,13,3,3,2,1,1,2,2,2,3,2,1,3,1,1,1,2
3,24,2,0,9,1,4,4,0,1,3,4,3,1,3,1,3,2,1,1,2
1,12,2,6,6,1,3,4,0,1,4,3,4,3,1,1,2,2,1,1,2
1,48,2,6,74,1,4,4,0,1,1,4,5,3,3,1,4,1,2,1,1
2,12,2,2,19,1,3,4,0,1,2,2,3,3,2,1,2,1,1,1,2
1,24,2,0,23,1,5,4,0,2,1,1,4,3,2,1,3,1,1,1,2
2,36,3,0,80,2,5,2,0,1,4,3,4,3,2,4,4,1,2,1,2
4,24,4,1,23,1,4,4,0,1,3,3,3,3,2,2,3,1,2,1,1
1,14,2,0,39,1,1,1,0,1,4,4,2,3,3,1,3,1,1,1,1
2,12,2,0,8,1,5,4,0,1,4,3,4,1,2,1,2,2,1,1,2
4,48,2,3,102,5,4,4,0,1,3,3,3,2,2,1,3,1,2,1,1
2,30,0,9,42,1,3,2,1,1,1,3,2,3,2,2,3,1,1,1,1
2,18,4,2,63,1,5,2,0,1,1,4,4,3,2,1,3,1,2,1,1
3,12,2,3,12,1,3,3,0,1,4,1,2,3,1,1,3,1,1,1,1
1,12,2,0,9,5,3,4,0,1,2,3,2,3,2,1,3,1,1,1,2
4,21,2,2,22,1,5,4,0,1,2,1,5,3,2,2,3,1,1,1,1
2,6,3,2,10,1,1,4,0,1,1,2,3,2,2,2,4,1,2,1,1
3,6,4,6,10,1,3,2,1,1,4,2,5,3,2,1,2,1,1,1,1
4,24,4,10,63,1,1,4,0,2,2,4,2,1,2,2,4,1,2,1,1
2,30,1,2,34,4,3,4,0,1,2,3,3,2,2,1,3,2,2,1,1
4,48,1,9,36,1,3,1,1,1,1,1,2,2,2,1,3,1,1,1,1
1,12,4,0,48,1,5,3,0,2,4,2,4,3,1,2,3,1,2,1,2
3,30,4,3,30,1,5,4,0,1,4,2,4,3,2,1,3,1,1,1,1
4,24,4,9,41,2,3,3,0,1,3,2,2,3,2,2,2,1,2,1,1
4,36,2,9,57,2,4,2,0,1,2,3,3,3,2,2,3,1,2,1,1
4,60,2,0,103,1,5,2,0,1,4,2,4,3,2,1,4,1,2,1,1
4,6,4,0,20,3,3,1,0,1,2,3,2,3,2,1,3,1,1,1,1
4,21,3,9,25,3,2,4,0,1,2,1,4,1,2,1,2,2,1,1,2
4,30,4,3,45,1,4,4,1,1,4,3,2,3,1,1,4,1,2,1,1
4,24,4,2,51,1,5,4,0,1,4,3,3,3,2,1,3,1,2,1,1
2,72,2,3,55,2,3,2,0,1,2,3,2,3,2,1,3,1,1,1,2
1,24,2,3,23,1,5,4,0,1,4,1,6,1,1,1,2,1,1,1,1
4,18,2,3,14,1,2,3,1,1,1,1,2,3,2,1,3,1,1,1,1
4,6,2,6,15,1,2,1,1,1,2,4,5,3,2,1,3,1,1,1,1
4,12,2,3,22,5,3,4,0,1,4,4,3,3,3,1,3,1,2,1,1
4,15,3,3,14,1,3,4,0,1,3,1,3,1,2,2,3,1,1,1,1
4,24,4,3,51,1,2,3,0,1,3,4,4,3,3,3,3,1,2,1,1
2,36,3,9,98,2,4,1,0,1,3,2,3,3,2,2,2,2,2,1,1
4,60,2,0,65,5,3,4,0,1,4,4,3,3,3,1,3,2,2,1,1
3,10,4,3,13,5,4,4,0,1,2,2,2,3,2,2,3,1,2,1,1
2,36,3,0,28,2,5,4,0,1,3,4,3,3,3,1,3,1,1,1,1
4,9,2,3,27,2,5,3,0,2,4,3,3,3,2,1,3,1,2,1,1
1,12,2,0,36,4,3,1,0,1,3,2,3,3,2,1,3,2,1,1,1
1,15,4,2,9,1,3,2,0,1,3,2,2,3,2,2,3,1,1,1,1
2,15,2,5,26,2,3,3,1,1,2,1,2,3,2,1,2,1,1,1,1
2,24,2,3,28,2,2,2,0,1,1,3,2,3,2,1,3,1,1,1,1
1,6,4,0,47,5,2,1,0,1,3,1,4,3,2,2,2,2,1,1,1
4,24,2,3,22,1,4,4,0,1,2,3,2,3,2,1,3,1,2,1,1
4,6,2,1,12,3,3,2,0,1,4,2,5,3,1,1,3,1,1,1,1
2,12,2,3,11,1,4,4,0,3,3,1,2,3,2,2,3,1,1,2,1
4,12,4,0,9,1,1,1,1,1,2,2,3,3,2,1,1,1,1,1,1
4,18,4,3,18,1,3,4,0,1,2,3,2,3,2,2,3,1,1,1,1
3,15,2,6,19,1,5,4,0,1,4,3,4,3,1,1,4,1,2,1,1
4,12,2,2,11,3,3,4,1,1,4,3,2,3,1,1,2,1,1,1,2
1,48,4,1,63,1,5,4,0,1,4,4,4,3,3,2,3,1,2,1,2
3,24,2,3,13,2,5,4,1,1,2,4,4,3,3,1,3,1,2,1,1
2,30,3,9,25,2,5,4,0,1,2,2,4,2,2,2,3,1,1,1,1
2,27,2,9,25,1,2,4,1,1,1,2,3,3,2,1,3,2,2,1,1
4,15,2,0,53,3,5,1,1,1,4,4,3,3,3,1,3,1,1,1,1
2,48,2,0,65,2,4,3,0,1,2,2,2,3,2,1,3,1,1,1,2
2,12,0,2,29,1,2,4,1,1,3,2,2,3,1,2,3,1,1,1,2
2,9,2,3,12,1,5,4,1,1,4,1,2,3,2,1,3,1,1,1,1
2,9,2,3,21,1,3,2,0,1,2,1,3,3,2,1,2,2,1,1,1
4,18,4,3,6,3,5,4,0,1,3,2,3,1,2,2,4,1,2,1,1
1,6,1,6,11,1,5,4,1,1,4,4,3,3,3,1,3,1,1,1,2
4,21,2,1,24,5,5,4,0,1,4,1,4,3,2,1,4,1,2,1,1
1,9,4,3,11,1,3,4,0,1,4,1,2,3,2,2,2,1,1,1,1
2,60,2,0,140,1,4,4,0,1,2,4,2,3,2,1,4,1,2,1,2
4,30,4,1,75,5,5,1,0,1,4,3,6,3,2,2,3,1,1,1,1
4,30,4,3,30,5,5,3,0,1,2,3,4,3,2,2,3,2,2,1,1
4,18,2,3,15,1,3,4,0,1,2,4,3,3,3,1,4,1,2,1,1
3,24,4,3,31,5,3,3,0,1,2,3,3,3,2,2,3,1,2,1,1
2,20,0,1,61,2,5,3,0,1,4,3,3,1,2,2,3,1,2,1,1
3,9,0,3,13,1,2,4,0,1,2,3,3,3,2,2,4,1,2,1,2
2,6,1,6,4,4,2,4,1,1,2,2,2,1,1,1,3,2,1,1,2
1,12,2,0,12,1,3,4,1,1,2,1,2,3,2,1,2,1,1,1,2
2,9,2,3,7,3,3,4,1,1,3,1,6,3,2,1,2,1,1,1,1
4,27,2,0,25,1,3,3,1,1,3,1,2,3,1,1,3,1,1,1,2
4,6,4,0,2,4,3,2,1,1,2,1,4,1,2,2,2,1,1,1,1
4,15,4,3,13,3,3,2,0,1,2,2,4,3,2,2,2,1,1,1,1
1,18,2,3,18,1,3,4,1,1,4,3,2,1,1,2,3,1,1,1,2
2,48,1,9,64,1,5,4,1,1,3,4,5,3,1,1,3,1,1,1,2
3,24,4,9,12,4,3,2,0,1,4,1,3,3,2,2,3,1,2,1,1
2,24,3,3,64,1,2,1,0,1,2,3,3,3,2,1,3,1,1,1,1
1,24,2,3,19,1,3,2,0,1,4,1,2,3,1,1,2,2,1,1,2
2,8,2,3,7,1,4,4,1,3,2,1,4,3,2,1,2,1,1,1,1
4,24,2,1,26,4,3,2,1,1,4,3,2,3,1,1,3,1,2,1,1
4,4,4,0,33,1,4,1,1,1,1,1,3,3,2,1,3,2,1,1,1
2,36,1,4,39,5,2,3,1,1,2,4,2,1,2,1,1,1,1,1,1
2,24,2,1,115,1,3,1,1,1,4,3,2,3,1,2,4,1,1,1,2
1,18,2,0,43,2,3,3,0,1,4,3,3,3,2,1,2,2,2,1,1
4,6,4,0,67,1,4,1,0,1,3,4,4,3,2,2,4,2,2,1,1
2,30,0,9,42,2,3,4,1,1,4,3,2,3,1,2,2,1,1,1,2
1,24,1,0,23,2,4,2,0,1,3,3,3,1,2,1,3,1,1,1,1
2,10,1,3,10,1,3,4,0,1,4,1,2,2,2,1,2,1,1,1,1
4,21,2,3,31,5,5,4,0,1,3,2,4,3,2,1,3,1,2,1,1
1,24,1,2,24,3,3,4,0,1,4,1,2,2,2,1,3,1,2,1,1
1,39,4,2,141,5,4,4,0,1,4,2,3,3,2,2,4,1,2,1,1
1,13,4,9,17,1,2,3,0,1,1,2,2,1,2,2,2,1,1,1,1
1,15,2,0,25,1,1,1,1,1,4,3,2,3,1,1,3,1,1,1,1
1,12,2,0,12,1,2,3,1,1,1,1,3,3,2,1,2,1,1,1,2
4,21,2,1,52,5,3,1,0,1,3,3,2,3,2,1,3,1,1,1,1
4,15,2,1,30,1,4,2,0,1,2,3,3,3,2,1,3,1,1,1,1
1,6,2,2,4,1,5,2,1,1,1,2,4,1,2,1,3,1,2,1,1
1,18,2,0,9,1,2,1,1,1,2,3,2,3,2,1,2,1,1,1,2
2,12,2,9,8,2,4,2,1,1,4,1,2,3,1,1,2,1,1,1,1
4,30,4,3,57,1,4,4,1,1,2,3,2,3,2,2,3,1,1,1,1
4,12,3,5,15,4,5,4,0,1,4,4,5,3,3,2,3,2,1,1,2
1,24,2,0,12,5,4,4,1,1,4,4,3,3,1,1,3,1,1,1,2
3,6,4,0,12,1,3,1,0,1,1,1,7,3,2,3,1,2,1,2,1
3,15,4,3,12,5,3,3,0,1,4,4,3,3,3,2,3,1,2,1,2
4,24,2,0,13,1,3,2,0,3,2,1,3,3,2,1,3,1,2,1,1
1,12,4,0,6,1,5,4,0,1,3,2,3,3,2,2,3,1,1,1,2
4,15,4,0,50,5,5,1,1,1,4,3,5,3,2,1,3,1,2,1,1
1,18,4,2,21,1,3,4,1,1,4,1,2,3,1,2,3,1,1,1,2
1,12,2,3,22,1,3,4,0,1,3,2,2,3,2,1,2,1,1,1,1
4,21,4,0,126,5,5,4,0,1,4,4,3,3,3,1,4,1,2,1,2
4,24,4,0,24,2,4,4,0,1,3,2,2,3,2,2,3,1,2,1,1
2,12,2,3,11,1,5,3,0,3,3,1,4,1,2,2,2,1,1,1,1
1,30,2,2,31,1,2,2,0,1,4,2,3,3,2,1,2,1,1,1,2
4,10,2,1,29,5,2,1,1,1,4,1,3,3,1,1,3,1,1,1,1
2,12,4,2,36,1,5,1,0,1,4,3,2,3,1,3,3,1,2,1,1
4,12,4,3,16,1,5,2,0,1,4,1,6,3,2,2,2,1,2,1,1
1,24,2,1,28,5,5,2,1,1,4,1,2,3,1,1,3,1,1,1,1
1,36,4,6,80,1,3,3,1,1,2,4,2,3,2,2,4,1,2,1,2
4,21,4,1,32,1,5,1,0,1,4,3,3,3,2,1,4,1,2,1,1
4,24,4,3,22,2,5,4,0,1,4,2,5,1,2,2,3,1,1,1,1
3,12,4,0,14,3,1,2,0,1,4,4,6,1,3,3,1,1,1,1,1
1,24,2,0,13,5,3,4,1,1,4,1,2,3,1,1,3,1,1,1,2
4,36,4,0,35,1,4,4,0,1,4,3,3,3,2,2,3,1,2,1,1
1,18,2,3,35,1,4,4,1,3,1,1,2,3,2,1,3,1,1,1,1
4,36,4,1,57,4,5,4,0,1,2,3,3,3,2,2,4,1,2,1,1
2,18,2,5,38,1,1,2,1,1,4,3,6,3,2,1,3,1,2,1,1
2,39,4,3,49,1,4,2,0,3,2,1,2,3,2,2,3,1,1,1,2
4,24,4,0,19,4,5,4,0,1,4,1,6,3,2,1,3,1,2,1,1
2,12,0,8,14,1,3,2,0,1,2,1,3,3,2,1,2,1,2,1,1
2,12,2,0,8,2,2,4,1,1,2,2,2,1,2,1,2,1,1,1,2
2,20,2,1,64,5,1,1,0,1,4,1,6,3,2,1,4,1,2,1,1
2,18,2,9,19,4,3,4,0,1,2,2,3,3,2,1,2,1,2,1,1
4,22,2,3,26,3,5,3,0,1,4,3,4,3,2,1,3,1,1,1,1
4,48,4,1,27,5,5,4,0,1,3,3,3,3,2,2,3,2,2,1,1
2,48,3,6,62,1,5,4,0,1,4,4,5,3,3,1,3,1,1,1,2
1,40,4,6,59,1,3,4,0,1,3,4,2,1,2,1,3,1,2,1,2
2,21,2,9,11,1,5,2,1,1,4,2,3,3,2,1,3,2,1,1,2
4,24,2,1,63,5,5,3,0,1,4,3,4,3,2,1,4,2,2,1,1
4,6,4,2,12,5,3,1,0,1,2,2,2,3,2,2,3,1,1,1,1
3,24,2,2,28,1,5,3,0,1,4,4,5,3,3,1,3,1,1,1,1
4,24,2,2,30,3,5,4,0,1,3,4,3,3,1,1,3,1,2,1,1
4,9,2,2,23,2,2,2,1,1,4,2,2,3,1,1,3,1,1,1,1
1,18,2,1,75,5,5,1,0,1,4,2,5,3,3,1,3,2,2,1,2
4,12,4,2,12,1,2,2,1,1,4,2,2,3,1,2,2,1,1,1,1
4,24,3,0,7,5,5,4,0,1,4,3,5,3,2,2,3,1,2,1,1
2,9,2,0,15,5,2,4,0,1,2,1,3,3,2,1,1,1,1,1,1
4,24,4,6,15,1,5,4,0,1,4,4,5,3,3,2,3,2,1,1,1
2,18,4,3,17,1,5,3,1,3,4,1,4,1,1,2,2,1,2,1,1
1,20,4,2,42,1,5,1,1,1,4,2,2,3,2,2,3,1,1,1,1
4,12,4,3,9,5,5,4,0,1,4,3,3,3,2,2,3,1,1,1,1
2,12,2,0,74,5,1,1,1,1,2,1,2,3,1,1,1,1,1,1,1
1,36,2,0,92,1,4,2,0,1,1,3,2,3,2,1,3,1,2,1,2
2,6,2,3,5,1,2,3,0,1,3,1,2,3,2,1,2,1,1,2,1
4,12,4,3,9,5,5,4,0,1,4,1,6,3,2,4,3,1,1,1,1
2,42,1,1,92,1,1,1,0,1,2,4,5,1,3,1,4,1,2,1,1
2,15,0,0,17,1,2,2,1,1,1,1,2,3,1,2,1,1,1,1,2
2,8,2,9,9,1,2,3,0,1,2,1,2,3,2,1,3,1,2,1,1
2,6,2,3,4,1,4,3,0,3,3,1,2,1,2,1,2,1,1,1,1
1,36,4,1,96,1,4,4,0,1,4,3,2,3,2,2,3,1,2,1,2
1,48,2,4,30,1,3,3,0,1,4,3,5,3,2,1,3,1,1,1,2
1,48,2,0,39,1,4,4,0,1,4,4,4,3,3,1,3,2,1,1,2
2,36,3,0,74,1,3,2,1,1,2,2,5,3,1,1,3,1,1,1,1
4,6,2,4,13,3,3,1,0,1,4,1,6,3,2,1,3,1,1,1,1
4,6,4,3,15,1,4,1,1,1,2,3,2,3,1,2,3,1,2,1,1
1,36,2,10,158,1,1,2,0,2,3,3,4,3,2,1,4,1,1,1,1
1,18,2,3,13,1,3,4,0,1,3,1,2,1,2,1,3,1,1,1,2
4,12,2,0,11,1,3,3,0,1,2,1,2,3,2,2,3,1,2,1,1
3,12,2,3,30,1,3,3,0,1,1,3,2,3,2,1,3,1,1,1,1
1,36,2,2,27,1,5,2,0,1,2,2,4,1,2,1,3,2,1,1,2
1,8,4,0,7,1,5,4,0,1,4,1,4,3,2,2,2,1,1,1,1
4,18,4,2,37,1,2,3,0,1,2,3,3,3,2,2,4,1,2,1,1
1,21,4,0,16,1,5,4,0,1,3,3,3,3,2,2,3,1,2,1,1
1,18,4,0,39,1,5,1,1,1,4,1,3,1,1,3,3,1,2,1,2
4,18,0,9,41,1,3,2,0,1,2,3,3,2,2,2,3,2,1,1,2
1,36,2,1,83,5,5,3,0,1,4,4,4,3,3,1,3,1,1,1,2
2,48,3,9,66,5,3,4,0,1,4,4,3,3,3,1,3,2,2,1,1
4,24,3,9,23,3,3,4,0,1,2,3,4,3,2,2,3,2,2,1,1
1,18,2,0,12,1,2,4,1,1,3,3,2,3,1,1,3,1,2,1,2
1,45,0,9,118,1,5,2,0,1,4,3,2,3,1,2,3,1,1,1,2
2,24,2,3,50,5,5,2,1,1,4,3,4,3,2,1,3,1,2,1,1
3,15,2,3,23,1,2,2,1,1,3,1,2,3,2,1,2,1,1,1,2
1,12,0,0,10,1,3,4,0,1,4,3,4,1,2,2,3,1,1,1,2
4,12,2,3,8,5,3,4,1,1,2,3,2,3,2,1,3,1,1,1,1
4,4,2,2,6,1,2,1,1,1,3,1,2,3,1,1,2,2,1,1,1
1,24,4,1,29,1,5,4,0,1,4,2,6,3,2,2,3,1,2,1,1
4,24,4,3,26,1,5,4,0,2,3,1,4,3,2,2,3,1,1,1,1
1,36,2,2,51,1,4,4,0,1,2,2,2,3,2,1,3,1,1,1,2
4,21,3,1,29,1,3,3,0,1,2,1,2,2,2,2,2,1,1,1,1
4,18,2,5,19,1,2,4,1,1,4,1,2,3,2,1,3,1,1,1,2
4,24,1,9,15,1,4,4,0,1,4,3,5,1,2,1,3,1,2,1,1
4,18,2,2,34,1,5,4,0,1,4,2,4,1,2,3,3,2,2,1,1
2,21,2,2,39,5,4,2,0,1,3,3,3,3,2,1,3,1,2,1,1
4,18,2,0,67,5,3,2,0,1,4,3,6,3,1,2,3,1,1,1,2
4,24,2,0,12,1,2,4,0,1,2,1,2,3,2,1,3,1,1,1,1
1,9,2,3,13,1,4,3,0,1,4,1,5,3,2,1,3,1,1,1,1
1,12,2,3,7,1,5,4,0,1,4,1,5,2,2,1,2,1,1,1,2
1,20,4,0,22,1,3,4,0,3,2,2,3,1,1,2,3,1,1,2,2
4,24,4,1,40,5,4,3,0,1,4,2,4,3,2,2,3,1,2,1,1
4,15,4,3,14,1,3,4,0,1,4,4,3,3,3,2,3,1,2,1,1
1,18,1,0,14,1,4,4,0,1,4,4,3,3,3,2,2,2,1,1,2
4,36,3,0,108,1,5,2,0,1,2,3,4,3,2,2,3,2,2,1,1
4,24,2,0,14,2,2,4,0,1,3,1,3,3,2,1,3,1,2,1,1
4,10,2,8,8,5,4,4,1,1,3,2,4,3,2,1,3,1,2,1,1
4,15,4,2,33,1,3,4,0,1,2,4,2,3,3,1,3,1,2,1,1
1,15,2,0,39,1,3,3,1,1,2,2,2,3,2,1,3,1,2,1,2
4,9,2,0,35,2,3,1,0,3,2,1,2,3,1,1,3,2,1,2,1
4,24,4,1,58,4,3,4,0,1,2,1,2,3,2,2,3,1,1,1,1
4,18,3,9,21,1,3,4,0,1,2,3,2,3,2,1,3,1,2,1,2
1,24,2,3,24,1,2,4,1,1,4,1,3,3,2,1,3,1,2,1,2
4,27,4,2,45,4,2,4,0,1,2,1,3,2,2,2,2,2,2,1,1
4,10,2,2,22,1,3,2,0,1,2,1,2,1,1,1,2,1,1,1,2
4,15,2,2,22,3,3,2,1,1,4,3,2,3,1,1,3,1,1,1,1
1,18,2,3,23,1,2,4,1,1,1,3,2,2,2,1,3,1,1,1,1
4,12,4,2,33,1,5,2,0,1,4,2,4,2,2,1,3,1,1,1,1
4,36,2,9,74,5,5,3,0,1,2,2,3,3,2,2,3,1,1,1,1
1,12,2,2,6,1,5,4,1,1,4,2,2,3,1,1,3,1,1,1,1
4,36,3,2,76,3,4,2,1,1,4,3,4,3,2,2,3,1,2,1,1
3,6,4,0,13,1,5,1,0,1,4,1,4,3,2,2,3,2,1,2,1
1,24,4,9,13,2,4,4,0,1,1,1,2,3,2,2,3,1,2,1,1
4,15,2,4,8,5,2,4,1,1,1,1,2,3,2,1,3,1,1,1,1
1,12,2,2,35,1,3,2,0,2,2,2,2,3,2,1,2,2,1,1,1
2,11,4,0,13,4,3,4,1,1,4,3,4,3,2,2,3,1,1,1,1
1,18,1,3,19,1,2,3,0,2,4,4,3,1,3,1,4,1,2,1,1
4,36,2,3,35,1,5,4,0,1,2,3,2,3,2,1,3,1,1,1,1
1,9,2,0,14,1,2,3,0,1,2,4,2,3,3,1,4,1,2,1,2
4,30,4,3,67,5,4,2,0,1,3,2,3,3,2,2,3,1,1,1,1
4,24,2,1,78,1,4,3,0,1,3,3,3,3,2,1,4,1,2,1,1
4,24,2,1,92,5,3,2,0,1,4,4,4,3,3,1,3,1,2,1,1
2,30,4,0,21,5,5,4,0,1,4,1,3,3,2,2,3,1,1,1,1
4,18,4,3,10,1,1,4,1,1,4,3,6,3,2,2,1,1,1,1,1
2,24,2,2,40,1,4,3,0,1,3,3,4,3,2,1,3,1,2,1,2
1,12,2,6,7,1,2,4,1,1,4,2,5,3,2,1,3,1,1,1,2
2,24,4,9,28,5,4,4,0,1,3,4,3,3,2,2,3,2,2,1,1
2,48,2,9,156,1,3,2,0,1,2,3,2,3,2,1,3,1,2,1,2
4,36,4,0,66,1,5,4,0,1,4,3,3,3,2,2,4,1,2,1,1
4,28,1,1,78,5,2,3,0,3,4,1,4,1,1,2,3,2,2,1,1
1,27,4,9,24,1,5,4,0,1,4,3,4,2,2,4,4,2,2,1,1
4,15,4,3,18,1,5,4,0,1,4,3,4,3,2,2,3,1,2,1,1
1,12,4,0,21,1,3,4,0,1,4,2,3,1,2,2,2,1,1,2,1
2,36,4,1,58,1,3,3,0,1,4,3,3,3,2,2,3,1,2,1,1
4,18,4,3,11,5,3,4,0,1,3,2,2,3,2,2,3,1,2,1,1
4,36,3,1,89,5,4,3,0,1,2,3,3,2,2,1,4,2,2,1,1
1,21,2,3,26,1,2,4,1,1,4,2,2,3,1,1,4,1,2,1,1
4,12,4,2,15,4,4,3,1,1,2,2,3,3,2,1,3,1,1,2,1
4,15,2,2,21,5,4,1,1,1,4,1,3,1,1,1,2,1,1,1,1
1,18,2,2,41,1,3,2,0,2,3,3,4,3,2,1,3,1,1,1,2
1,16,4,0,26,1,5,2,0,3,4,2,4,1,1,1,3,1,2,1,2
4,20,4,0,34,5,2,2,0,1,4,1,4,3,2,2,3,1,2,1,1
4,36,4,1,104,5,5,2,0,1,4,4,4,3,3,2,3,1,1,1,1
4,15,2,3,13,5,3,4,0,1,2,1,4,3,1,1,3,1,2,1,1
4,24,2,3,12,1,5,4,0,1,1,1,3,3,2,1,4,1,2,1,1
1,12,2,3,11,1,3,2,0,1,2,1,2,3,1,1,4,2,2,1,1
1,21,2,0,37,5,4,2,0,2,2,1,2,3,2,1,2,1,1,2,1
2,36,2,6,37,5,3,2,0,1,2,3,2,3,2,1,3,1,1,1,1
4,15,3,1,35,1,2,1,1,1,2,2,4,3,2,2,2,1,1,1,1
2,9,2,0,31,5,3,1,1,1,2,1,3,3,2,1,2,1,1,1,1
4,36,3,3,44,1,3,4,1,1,4,1,3,3,2,2,3,1,1,1,1
2,24,4,2,47,1,2,2,1,1,4,3,2,1,2,1,2,1,1,1,2
2,30,2,3,29,5,5,2,1,1,4,3,2,3,2,1,3,1,1,1,1
4,11,2,9,21,4,5,1,0,1,2,1,2,3,2,1,3,1,2,1,1
1,24,1,9,31,1,3,4,0,1,2,2,3,3,1,1,3,1,2,1,2
2,48,0,10,184,1,3,1,1,1,2,2,3,1,2,1,4,1,2,2,2
4,10,2,1,28,2,3,1,0,2,2,1,3,3,2,1,3,2,1,1,1
1,6,2,0,148,1,5,1,0,1,4,4,6,1,2,1,4,1,2,1,2
1,24,2,2,23,2,1,1,0,1,1,2,3,3,2,1,3,1,1,1,2
1,24,2,2,33,1,5,4,0,1,2,2,3,3,1,1,4,1,2,1,2
4,18,4,2,18,1,3,4,1,1,2,4,2,3,2,2,3,1,1,1,1
4,48,3,3,127,3,4,4,0,1,1,3,3,3,2,1,4,1,2,1,1
1,9,2,3,13,1,2,3,1,1,4,2,2,3,1,1,3,1,1,1,2
2,12,2,0,20,1,4,3,0,1,4,2,3,3,1,1,3,2,2,1,1
1,24,1,2,68,1,2,2,0,1,1,2,5,1,2,1,3,1,2,1,2
1,12,1,0,6,1,2,4,0,1,2,3,4,1,2,2,3,1,2,1,2
1,18,4,2,10,1,2,4,1,1,4,2,2,3,1,1,3,1,1,1,1
1,48,2,1,102,1,4,4,0,1,4,4,3,2,3,3,3,2,2,1,2
4,30,2,3,18,5,5,4,0,1,4,3,5,3,2,1,3,1,2,1,1
1,12,3,0,13,1,3,4,0,1,2,1,4,3,2,2,2,2,1,1,1
1,24,2,2,17,1,2,4,0,2,1,2,2,3,2,1,2,1,1,2,1
2,9,2,3,16,1,2,4,1,1,2,3,2,3,2,1,3,1,2,1,2
4,9,4,0,12,1,3,3,0,1,1,1,3,3,2,2,3,1,1,1,1
4,12,4,3,5,3,5,4,0,1,4,2,4,3,2,2,3,2,2,1,1
1,12,2,3,14,1,3,4,1,1,1,3,2,1,2,1,3,1,1,1,1
2,30,3,3,19,2,2,4,0,1,3,4,3,2,2,2,4,1,1,1,2
3,9,2,3,7,1,3,3,1,1,2,1,2,3,2,1,2,1,1,1,2
2,6,2,3,20,1,2,4,0,1,3,3,3,3,1,1,4,1,2,1,1
2,60,2,6,62,1,3,4,0,1,4,4,4,3,3,1,3,1,1,1,2
4,24,4,1,68,5,3,2,0,1,4,2,4,3,2,2,4,2,2,1,1
4,12,2,0,35,5,2,2,0,1,3,2,4,3,2,1,4,2,2,1,1
4,10,2,0,15,1,3,3,0,1,2,1,3,3,2,1,2,2,1,2,1
4,24,2,2,9,5,4,4,0,1,2,3,3,2,2,1,3,1,2,1,1
4,4,4,0,14,1,4,2,0,1,1,1,4,3,2,3,2,2,1,1,1
1,15,2,2,18,1,2,4,1,3,1,2,4,3,1,1,3,1,1,1,1
2,48,0,0,83,3,2,1,1,1,1,3,3,3,2,2,3,1,1,1,1
1,24,1,2,33,3,2,4,0,1,4,4,3,3,3,1,3,2,2,1,2
4,12,2,0,28,5,1,4,0,1,4,4,3,3,2,1,4,1,2,1,1
4,18,2,2,15,1,2,4,0,2,1,2,4,3,2,1,2,2,1,1,2
4,24,2,3,36,2,5,2,0,1,4,3,3,3,2,2,3,1,1,1,2
2,18,4,9,35,1,1,3,0,1,3,3,4,3,2,3,1,2,2,1,1
1,36,3,9,21,1,4,2,0,1,1,3,2,3,2,2,3,1,2,1,2
2,24,2,1,41,3,2,3,1,1,4,3,2,3,1,1,3,1,1,1,2
4,36,2,2,109,1,1,4,1,1,2,3,2,3,2,2,4,1,2,1,2
1,12,2,0,18,1,3,4,1,3,4,2,2,3,2,1,3,1,2,1,1
1,24,4,3,12,4,5,4,1,1,4,2,5,3,1,2,4,1,2,1,1
3,30,4,3,36,5,5,4,0,1,4,2,4,2,2,2,2,1,1,1,1
2,9,4,3,11,1,5,2,0,1,4,1,3,3,2,3,2,1,1,1,1
1,28,2,0,40,1,3,3,0,1,2,3,4,3,2,1,2,1,1,1,2
2,24,2,2,30,2,5,4,0,1,4,4,3,3,3,1,3,1,1,1,1
4,6,4,3,17,1,5,2,0,1,2,1,3,3,1,2,3,1,1,1,1
2,21,3,0,23,1,3,1,0,1,4,2,4,3,2,2,3,1,1,1,1
4,15,2,0,35,5,3,3,0,1,2,4,2,3,2,1,3,1,1,1,1
4,24,2,3,23,3,5,3,0,1,2,3,3,1,2,2,3,1,2,1,2
2,6,2,5,4,1,2,3,0,1,1,2,2,3,2,1,2,1,1,1,1
2,30,2,3,17,5,3,4,1,1,1,3,2,3,2,1,3,1,1,1,1
2,27,4,3,25,3,3,4,0,1,2,2,2,3,2,2,2,1,1,1,2
4,15,2,3,35,1,5,4,1,1,2,3,5,1,1,1,4,1,2,1,1
4,42,2,3,71,5,4,2,0,1,4,2,2,3,1,1,3,1,2,1,1
1,11,4,0,39,1,3,1,0,1,2,1,4,3,2,2,2,2,1,1,1
2,15,2,5,15,2,3,4,0,3,2,1,2,3,2,1,3,1,1,1,1
4,24,2,0,73,1,3,1,0,1,4,2,4,3,2,1,2,2,1,1,1
1,24,1,0,11,1,1,1,1,2,4,4,2,3,1,2,1,1,1,1,2
1,60,2,9,72,1,5,4,0,2,4,4,3,3,1,1,3,1,1,1,2
4,30,4,3,28,1,3,4,1,1,2,3,3,3,2,1,3,1,2,1,1
3,24,2,3,12,3,3,3,1,1,3,3,5,3,2,1,2,1,1,1,1
2,6,2,3,7,1,3,2,1,3,3,1,6,3,2,1,3,1,1,1,1
2,18,3,9,24,5,5,4,0,1,2,2,4,3,2,2,3,1,1,1,1
4,24,3,0,25,1,5,4,0,1,4,3,4,3,2,2,2,2,1,1,2
2,15,1,0,12,2,3,2,0,1,2,2,2,3,1,1,3,1,1,1,2
2,30,4,2,83,1,4,2,0,1,2,2,4,3,2,1,3,1,1,1,2
4,48,2,9,48,1,1,3,0,1,2,3,3,1,1,1,4,1,2,1,2
3,21,2,0,29,2,3,1,1,1,1,3,2,1,2,1,4,1,2,1,1
1,36,2,1,82,1,3,2,0,1,2,2,2,3,2,1,3,2,1,1,2
4,24,4,2,20,1,4,2,0,1,2,2,3,3,2,2,2,1,1,1,1
1,15,4,2,14,1,3,4,1,1,3,2,2,3,1,2,3,1,1,1,1
3,42,0,9,62,1,2,2,0,1,1,2,3,3,2,2,3,1,1,1,1
4,13,2,3,14,2,1,2,1,1,4,1,6,3,2,1,3,1,1,1,1
1,24,2,1,65,1,1,4,0,1,2,4,2,3,3,1,4,1,2,1,1
2,24,4,3,17,1,5,4,0,1,2,2,4,3,2,2,2,1,1,1,1
4,12,4,6,35,5,2,2,0,1,1,2,3,3,2,2,2,2,1,1,1
4,15,1,3,15,2,5,4,0,1,4,3,3,1,2,1,2,2,1,1,1
1,18,2,3,19,5,4,2,0,1,4,3,2,3,1,2,2,1,1,1,1
1,36,2,2,39,1,1,4,0,1,3,2,3,3,2,1,4,1,2,1,1
4,12,2,0,23,5,5,4,0,1,3,3,5,3,2,1,3,1,2,1,1
4,12,2,2,17,1,4,3,1,1,4,1,3,3,2,1,2,1,1,1,1
1,30,2,1,38,1,3,4,0,1,4,2,4,3,2,1,4,1,2,1,1
4,12,2,3,8,1,5,4,0,1,4,3,3,3,2,1,3,1,1,1,1
1,45,2,3,18,1,3,4,0,1,4,4,2,3,3,1,3,1,2,1,2
2,45,4,1,45,2,1,3,0,1,4,3,2,3,2,1,3,1,1,1,1
